{
  "showEmail": true,
  "showPass": true,
  "show2FA": true,
  "showCookie": false,
  "showUid": false,
  "showName": true,
  "showFriend": true,
  "showFollowing": true,
  "showCreated": true,
  "showTotal": true,
  "showSkipFollow": true,
  "showSkipShare": true,
  "showSkipGroup": true,
  "showSkipComment": true,
  "showChatSMS": false,
  "showPostProfile": false,
  "showComment": true,
  "showLike": true,
  "showPoke": true,
  "showAddFriend": true,
  "showAcceptFriend": true,
  "showStory": true,
  "showVideo": true,
  "showHidden": true,
  "showPause": true,
  "showNote": true,
  "showStatus": true
}