{
  "showEmail": true,
  "showPass": true,
  "show2FA": true,
  "showCookie": true,
  "showUid": true,
  "showName": true,
  "showFriend": false,
  "showFollowing": false,
  "showCreated": false,
  "showTotal": false,
  "showSkipFollow": true,
  "showSkipShare": true,
  "showSkipGroup": true,
  "showSkipComment": true,
  "showChatSMS": false,
  "showPostProfile": false,
  "showComment": false,
  "showLike": true,
  "showPoke": false,
  "showAddFriend": false,
  "showAcceptFriend": false,
  "showStory": true,
  "showVideo": true,
  "showHidden": true,
  "showPause": true,
  "showNote": true,
  "showStatus": true
}