{
  "showEmail": true,
  "showPass": true,
  "show2FA": true,
  "showCookie": false,
  "showUid": true,
  "showName": true,
  "showFriend": false,
  "showFollowing": true,
  "showCreated": false,
  "showTotal": true,
  "showSkipFollow": true,
  "showSkipShare": true,
  "showSkipGroup": true,
  "showSkipComment": true,
  "showChatSMS": false,
  "showPostProfile": false,
  "showComment": false,
  "showLike": true,
  "showPoke": false,
  "showAddFriend": false,
  "showAcceptFriend": false,
  "showStory": false,
  "showVideo": false,
  "showHidden": true,
  "showPause": true,
  "showNote": true,
  "showStatus": true
}